date,consumer_loans,sp500,bank_credit,gas_price,loans_leases,securities,ovx,wti_crude,brent_crude,amazon_stock
2018-01-03,767.8695,2713.06,12565.5385,2.52,9126.9922,3438.5462,22.75,61.61,67.85,60.209999084472656
2018-01-10,768.5149,2748.23,12562.5932,2.522,9132.8667,3429.7264,23.52,63.6,69.79,62.71649932861328
2018-01-17,769.6011,2802.56,12570.4123,2.557,9145.031,3425.3813,24.78,63.92,69.19,64.75
2018-01-24,767.3849,2837.54,12573.2215,2.567,9146.0674,3427.1541,23.93,65.69,69.91,67.87550354003906
2018-01-31,769.3092,2823.81,12578.5406,2.607,9154.8997,3423.6409,22.23,64.82,67.78,72.54450225830078
2018-02-07,769.0992,2681.66,12565.7735,2.637,9159.8991,3405.8744,26.79,61.91,65.74,70.83899688720703
2018-02-14,769.543,2698.63,12580.8801,2.607,9165.2628,3415.6173,27.73,60.7,62.29,72.55249786376953
2018-02-21,769.0215,2701.33,12580.1942,2.557,9172.6884,3407.5058,26.93,61.73,64.81,74.14600372314453
2018-02-28,769.4057,2713.83,12591.9205,2.548,9184.2751,3407.6454,26.92,61.43,66.08,75.62249755859375
2018-03-07,770.99,2726.8,12579.4139,2.56,9180.439,3398.9749,26.94,61.09,65.09,77.25
2018-03-14,769.9867,2749.48,12592.0831,2.559,9185.7428,3406.3402,25.21,60.89,63.61,79.55000305175781
2018-03-21,771.059,2711.93,12587.2366,2.598,9189.3347,3397.902,25.95,65.1,68.15,79.09300231933594
2018-03-28,771.8948,2605.0,12597.1253,2.648,9212.514,3384.6113,26.67,64.3,68.13,71.57099914550781
2018-04-04,787.7299,2644.69,12636.2922,2.7,9257.8393,3378.4529,26.17,63.35,66.04,70.52850341796875
2018-04-11,786.6698,2642.19,12648.1216,2.694,9273.9852,3374.1364,29.42,66.81,72.74,71.35250091552734
2018-04-18,786.2727,2708.64,12657.2207,2.747,9280.1417,3377.079,29.42,68.44,73.73,76.39199829101562
2018-04-25,786.2658,2639.4,12661.0759,2.798,9294.067,3367.0089,28.16,68.0,73.79,73.00849914550781
2018-05-02,786.9275,2635.67,12664.7821,2.846,9300.0123,3364.7698,27.32,67.91,73.14,78.48400115966797
2018-05-09,787.7515,2697.79,12670.9064,2.845,9299.0642,3371.8421,26.71,71.16,77.6,80.4000015258789
2018-05-16,789.3244,2722.46,12666.9841,2.873,9289.629,3377.3552,25.73,71.43,78.19,79.36399841308594
2018-05-23,790.5617,2733.29,12692.7452,2.923,9296.1432,3396.6019,26.04,71.85,78.69,80.09300231933594
2018-05-30,793.9646,2724.01,12710.9582,2.962,9307.9235,3403.0347,27.9,68.24,75.89,81.24449920654297
2018-06-06,793.8356,2772.35,12718.7979,2.94,9319.9824,3398.8156,29.14,64.75,73.23,84.7874984741211
2018-06-13,794.8918,2775.63,12735.9342,2.911,9321.3281,3414.6061,27.08,66.63,75.07,85.24299621582031
2018-06-20,794.1745,2767.32,12783.5248,2.879,9362.5512,3420.9736,28.06,65.92,74.25,87.50399780273438
2018-06-27,793.7981,2699.63,12792.0451,2.833,9362.6073,3429.4378,27.69,77.41,76.09,83.02549743652344
2018-07-04,793.8232,2713.22,12775.7724,2.844,9353.5713,3422.2011,28.58,74.19,76.99,84.697998046875
2018-07-11,792.1087,2774.02,12808.0675,2.857,9373.8132,3434.2544,28.56,70.47,75.35,87.75
2018-07-18,792.9427,2815.62,12803.2874,2.865,9372.4332,3430.8542,27.24,68.78,70.52,92.14600372314453
2018-07-25,793.4048,2846.07,12815.0435,2.831,9380.2783,3434.7652,25.34,71.13,73.67,93.18049621582031
2018-08-01,793.4095,2813.36,12796.8409,2.846,9381.4776,3415.3634,26.45,68.8,72.28,89.8584976196289
2018-08-08,796.254,2857.7,12803.0429,2.852,9376.7336,3426.3092,26.41,66.92,70.71,94.32599639892578
2018-08-15,796.4245,2818.37,12815.8557,2.843,9383.9987,3431.8569,27.26,65.07,68.38,94.13099670410156
2018-08-22,798.012,2861.82,12830.0324,2.821,9398.5275,3431.5049,24.72,67.85,72.96,95.24500274658203
2018-08-29,798.9685,2914.04,12829.8774,2.827,9405.7368,3424.1405,24.32,69.68,76.07,99.90499877929688
2018-09-05,800.2906,2888.6,12841.2479,2.824,9421.2164,3420.0315,26.62,68.69,76.68,99.74099731445312
2018-09-12,799.4133,2888.92,12856.2217,2.833,9427.3131,3428.9085,26.94,70.37,80.02,99.5
2018-09-19,800.414,2907.95,12865.4484,2.841,9433.3306,3432.1178,26.35,71.08,79.43,96.32099914550781
2018-09-26,799.984,2905.97,12866.4219,2.844,9439.0432,3427.3788,26.53,72.22,81.87,98.74250030517578
2018-10-03,802.2389,2925.51,12894.4479,2.866,9467.0059,3427.4419,28.04,76.4,85.45,97.63800048828125
2018-10-10,803.0474,2785.68,12895.2635,2.903,9469.4345,3425.829,28.81,73.18,83.82,87.76249694824219
2018-10-17,802.3419,2809.21,12897.2542,2.879,9472.2245,3425.0297,28.13,69.63,79.91,91.58650207519531
2018-10-24,803.3267,2656.1,12925.111,2.841,9485.5591,3439.5519,29.8,66.56,77.34,83.20999908447266
2018-10-31,805.8816,2711.74,12919.6739,2.811,9498.1694,3421.5045,30.12,65.31,74.84,79.90049743652344
2018-11-07,804.3473,2813.89,12913.0035,2.753,9492.0715,3420.932,33.05,61.69,70.1,87.77449798583984
2018-11-14,806.3187,2701.58,12947.5139,2.686,9507.7813,3439.7326,47.07,56.16,64.88,79.95050048828125
2018-11-21,807.5311,2649.93,12973.3301,2.611,9524.4499,3448.8802,51.79,54.41,61.65,75.83650207519531
2018-11-28,810.808,2743.79,12972.2468,2.539,9520.9912,3451.2556,53.99,50.06,57.97,83.88749694824219
2018-12-05,807.9035,2700.06,13007.498,2.451,9546.549,3460.949,49.84,52.64,61.4,83.41999816894531
2018-12-12,808.5734,2651.07,13044.7487,2.421,9560.0507,3484.698,39.9,51.04,59.94,83.177001953125
2018-12-19,806.2697,2506.96,13072.0356,2.369,9564.3829,3507.6527,50.86,47.96,55.6,74.75399780273438
2018-12-26,807.9737,2467.7,13114.2197,2.321,9599.4239,3514.7957,54.07,46.04,51.93,73.54499816894531
2019-01-02,807.2253,2510.03,13150.4053,2.266,9623.0498,3527.3555,54.72,46.31,54.06,76.95649719238281
2019-01-09,808.9909,2584.96,13169.6371,2.237,9632.2277,3537.4095,44.36,52.19,59.46,82.97100067138672
2019-01-16,807.6681,2616.1,13184.2082,2.247,9636.3006,3547.9075,38.77,52.08,59.81,84.18900299072266
2019-01-23,809.8026,2638.7,13193.3189,2.251,9653.0188,3540.3001,37.69,52.44,61.05,82.0009994506836
2019-01-30,812.9228,2681.05,13180.2072,2.256,9646.5906,3533.6167,35.59,54.18,61.89,83.52149963378906
2019-02-06,812.6904,2731.61,13203.5932,2.254,9663.1749,3540.4183,33.02,53.94,62.22,82.01300048828125
2019-02-13,812.7111,2753.03,13234.1103,2.276,9677.7372,3556.3731,32.26,53.84,63.27,82.0
2019-02-20,813.1523,2784.7,13237.3877,2.317,9685.8004,3551.5872,30.76,56.9,66.82,81.1050033569336
2019-02-27,815.3447,2792.38,13236.8447,2.39,9684.6919,3552.1528,31.01,56.92,65.55,82.05449676513672
2019-03-06,814.9755,2771.45,13242.2811,2.422,9688.2582,3554.0229,29.69,56.22,64.51,83.44750213623047
2019-03-13,815.7736,2810.92,13260.4596,2.471,9686.2016,3574.2579,28.13,58.27,65.89,84.54049682617188
2019-03-20,817.3649,2824.23,13295.161,2.548,9721.1955,3573.9656,27.21,60.12,68.35,89.8635025024414
2019-03-27,817.9337,2805.37,13284.7421,2.623,9707.8698,3576.8723,28.11,59.39,67.35,88.28500366210938
2019-04-03,818.2833,2873.4,13293.1334,2.691,9711.3024,3581.831,25.57,62.46,69.21,91.03500366210938
2019-04-10,817.6806,2888.21,13294.5309,2.745,9697.4571,3597.0738,24.68,64.62,71.63,92.36650085449219
2019-04-17,818.6036,2900.45,13330.6534,2.828,9715.7917,3614.8617,25.19,63.74,71.14,93.24099731445312
2019-04-24,818.3655,2927.25,13356.6503,2.841,9725.4733,3631.177,25.28,65.96,73.59,95.0875015258789
2019-05-01,819.9101,2923.73,13365.1049,2.887,9745.5622,3619.5427,29.41,63.55,72.01,95.57599639892578
2019-05-08,821.2398,2879.42,13381.7837,2.897,9748.4163,3633.3673,32.23,62.13,71.09,95.88849639892578
2019-05-15,821.4318,2850.96,13405.4888,2.866,9767.4989,3637.99,29.26,62.03,73.09,93.55750274658203
2019-05-22,823.6102,2856.27,13414.3266,2.852,9778.6904,3635.6362,28.19,61.42,71.94,92.98400115966797
2019-05-29,826.3477,2783.02,13407.6792,2.822,9774.6952,3632.984,36.43,58.84,70.64,90.95950317382812
2019-06-05,826.6976,2826.15,13423.6567,2.807,9778.535,3645.1216,45.19,51.57,62.14,86.92500305175781
2019-06-12,827.6652,2879.84,13445.9848,2.732,9795.4028,3650.5819,43.06,51.13,61.66,92.76599884033203
2019-06-19,826.138,2926.46,13472.2098,2.67,9803.1264,3669.0835,40.79,53.74,62.85,95.43949890136719
2019-06-26,824.1994,2913.78,13504.4235,2.654,9828.4265,3675.997,38.45,59.17,66.85,94.8915023803711
2019-07-03,822.8621,2995.82,13512.04,2.713,9825.777,3686.263,36.72,57.06,63.53,96.94999694824219
2019-07-10,824.8948,2993.07,13513.6168,2.743,9826.6252,3686.9916,30.76,60.28,66.41,100.87049865722656
2019-07-17,824.1712,2984.42,13504.8756,2.779,9824.2199,3680.6557,34.94,56.5,63.67,99.60150146484375
2019-07-24,825.6328,3019.56,13536.4583,2.75,9839.5618,3696.8965,32.86,55.9,63.83,100.04049682617188
2019-07-31,829.0651,2980.38,13552.9257,2.715,9855.5434,3697.3822,30.77,58.53,64.07,93.33899688720703
2019-08-07,829.627,2883.98,13568.7344,2.688,9868.3376,3700.3968,38.1,51.14,55.03,89.66999816894531
2019-08-14,830.6398,2840.6,13590.7943,2.624,9873.1329,3717.6614,35.83,55.16,57.86,88.14800262451172
2019-08-21,831.8242,2924.43,13629.9162,2.598,9896.5162,3733.4,32.39,55.65,60.6,91.177001953125
2019-08-28,830.662,2887.94,13638.2417,2.574,9883.8925,3754.3492,32.72,55.76,60.42,88.2125015258789
2019-09-04,833.2898,2937.78,13662.8984,2.563,9893.3112,3769.5871,34.56,56.22,60.68,90.03099822998047
2019-09-11,831.2402,3000.93,13689.8543,2.55,9896.3152,3793.5391,34.94,55.66,63.02,91.14949798583984
2019-09-18,832.3112,3006.73,13729.9973,2.552,9915.0113,3814.986,40.44,58.19,64.29,90.87300109863281
2019-09-25,831.803,2984.87,13749.2369,2.654,9934.3458,3814.8911,38.37,56.38,62.41,88.41649627685547
2019-10-02,832.4275,2887.61,13746.7715,2.642,9931.8398,3814.9317,39.62,52.67,57.92,85.6614990234375
2019-10-09,832.8839,2919.4,13740.8768,2.645,9932.4882,3808.3886,38.0,52.63,59.7,86.09950256347656
2019-10-16,840.9291,2989.69,13757.4433,2.629,9956.3162,3801.1271,39.47,53.42,59.3,88.87149810791016
2019-10-23,840.9798,3004.52,13773.0411,2.638,9963.0286,3810.0125,35.66,55.9,60.52,88.1084976196289
2019-10-30,843.3221,3046.77,13775.9702,2.596,9971.9336,3804.0366,34.36,54.85,60.22,88.99949645996094
2019-11-06,842.6624,3076.78,13791.552,2.605,9981.9208,3809.6311,33.22,56.15,62.11,89.78849792480469
2019-11-13,843.7757,3094.04,13814.3541,2.615,9978.3044,3836.0497,35.15,56.88,62.27,87.65550231933594
2019-11-20,842.3047,3108.46,13821.1841,2.592,9988.4931,3832.691,32.2,56.71,63.8,87.27649688720703
2019-11-27,837.947,3153.63,13850.2775,2.579,10011.6106,3838.6669,30.82,58.12,65.03,90.92549896240234
2019-12-04,841.3704,3112.76,13856.2648,2.575,10008.2126,3848.0523,32.21,58.46,65.25,88.03450012207031
2019-12-11,844.0509,3141.63,13897.175,2.561,10044.9071,3852.2679,27.81,58.74,65.37,87.43599700927734
2019-12-18,842.8486,3191.14,13852.9928,2.536,10029.0809,3823.9119,26.77,60.93,69.12,89.20149993896484
2019-12-25,847.6165,3223.38,13859.0527,2.532,10030.9013,3828.1513,25.46,61.17,69.26,89.46050262451172
2020-01-01,847.4672,3230.78,13851.4063,2.571,10030.7599,3820.6464,28.3,61.14,67.77,92.39199829101562
2020-01-08,848.7057,3253.05,13857.6727,2.578,10044.1922,3813.4804,32.6,59.65,67.31,94.59850311279297
2020-01-15,847.0693,3289.29,13875.8697,2.57,10039.4229,3836.4468,33.38,57.86,63.29,93.10099792480469
2020-01-22,849.5038,3321.75,13890.7466,2.537,10053.7108,3837.0358,30.7,56.76,62.11,94.37300109863281
2020-01-29,850.0029,3273.4,13897.3482,2.506,10053.7657,3843.5824,35.73,53.29,59.46,92.9000015258789
2020-02-05,849.5462,3334.69,13922.5956,2.455,10069.5409,3853.0547,37.88,50.87,55.36,101.99349975585938
2020-02-12,849.6585,3379.45,13906.3084,2.419,10064.1618,3842.1465,35.58,51.13,55.54,108.0
2020-02-19,850.9445,3386.15,13953.3778,2.428,10087.9973,3865.3805,32.27,53.31,59.72,108.51100158691406
2020-02-26,852.261,3116.39,13974.8145,2.466,10085.4443,3889.3702,43.4,48.67,54.96,98.97949981689453
2020-03-04,859.925,3130.12,14066.751,2.423,10111.4838,3955.2672,50.59,46.78,51.86,98.79149627685547
2020-03-11,859.6976,2741.38,14128.8995,2.375,10151.4873,3977.4122,105.25,33.13,34.45,91.04299926757812
2020-03-18,859.4494,2398.1,14382.4833,2.248,10396.9472,3985.5361,166.79,20.48,22.79,91.5
2020-03-25,847.5291,2475.56,14663.1795,2.12,10630.4319,4032.7476,144.03,20.75,25.62,94.29199981689453
2020-04-01,836.8413,2470.5,14732.8342,2.005,10720.4506,4012.3837,158.98,20.28,14.97,95.38500213623047
2020-04-08,821.1309,2749.98,14711.8943,1.924,10725.3591,3986.5352,141.46,24.97,25.22,102.1500015258789
2020-04-15,803.2946,2783.36,14722.9034,1.853,10748.8917,3974.0117,120.38,19.96,19.8,115.38400268554688
2020-04-22,786.9696,2799.31,14809.0511,1.812,10817.6515,3991.3996,236.8,13.64,13.77,118.17449951171875
2020-04-29,783.8329,2939.51,14856.8185,1.773,10840.5646,4016.2539,195.59,15.04,17.86,118.635498046875
2020-05-06,778.0747,2848.42,14895.6654,1.789,10878.8561,4016.8092,115.39,23.88,24.2,117.56300354003906
2020-05-13,775.0011,2820.0,14877.365,1.851,10873.4359,4003.9291,82.83,25.37,27.89,118.39600372314453
2020-05-20,772.4066,2971.61,14857.1451,1.878,10829.8299,4027.3152,73.62,33.56,34.76,124.89700317382812
2020-05-27,768.6932,3036.13,14839.5963,1.96,10804.7921,4034.8042,73.89,32.8,32.73,120.51950073242188
2020-06-03,766.7865,3122.87,14842.8809,1.974,10759.66,4083.2209,65.73,37.33,37.98,123.91999816894531
2020-06-10,766.8038,3190.14,14856.7205,2.036,10736.4717,4120.2488,63.06,39.54,41.18,132.37249755859375
2020-06-17,764.0934,3113.49,14865.0516,2.098,10692.8772,4172.1744,61.45,37.91,40.47,132.0489959716797
2020-06-24,762.4848,3050.33,14855.3661,2.129,10654.2643,4201.1018,64.96,37.91,40.4,136.72000122070312
2020-07-01,758.3692,3115.86,14866.1139,2.174,10621.0903,4245.0236,53.43,39.88,42.18,143.93499755859375
2020-07-08,760.7808,3169.94,14884.9372,2.177,10620.5137,4264.4234,48.85,40.91,43.67,154.0554962158203
2020-07-15,759.6332,3226.56,14920.1895,2.195,10616.999,4303.1905,47.05,41.2,43.96,150.44349670410156
2020-07-22,758.6488,3276.02,14924.4116,2.186,10605.5713,4318.8403,41.3,41.88,43.98,154.99549865722656
2020-07-29,757.0884,3258.44,14910.5826,2.175,10578.0434,4332.5392,39.58,41.13,43.51,151.67649841308594
2020-08-05,756.4638,3327.77,14936.911,2.176,10576.9583,4359.9527,37.12,42.25,44.92,160.25149536132812
2020-08-12,754.6925,3380.35,14919.6276,2.166,10576.4285,4343.1991,34.74,42.6,45.09,158.11199951171875
2020-08-19,754.4839,3374.85,14922.1786,2.166,10550.3566,4371.8221,32.85,42.91,45.21,163.0240020751953
2020-08-26,751.7103,3478.73,14926.8952,2.182,10536.2707,4390.6245,33.79,43.21,45.79,172.09249877929688
2020-09-02,750.6376,3580.84,14963.3583,2.222,10520.5859,4442.7724,35.49,42.76,42.7,176.57249450683594
2020-09-09,752.3047,3398.96,14977.5704,2.211,10525.6188,4451.9516,49.42,38.05,39.98,163.4304962158203
2020-09-16,751.8689,3385.49,14966.0204,2.183,10512.3476,4453.6729,41.13,40.17,41.23,153.90499877929688
2020-09-23,751.2502,3236.92,14971.319,2.168,10504.4343,4466.8847,44.64,39.92,41.09,149.9929962158203
2020-09-30,754.2108,3363.0,14971.2727,2.169,10489.9285,4481.3442,44.0,40.05,40.3,157.43649291992188
2020-10-07,752.3857,3419.45,14972.2976,2.172,10470.6881,4501.6095,45.5,39.82,40.62,159.7845001220703
2020-10-14,752.9899,3488.67,14967.2886,2.167,10446.8171,4520.4715,43.53,40.86,41.81,168.1855010986328
2020-10-21,753.3096,3435.56,14978.7611,2.15,10447.2706,4531.4904,47.58,39.88,40.09,159.2469940185547
2020-10-28,751.8569,3271.03,14980.4551,2.143,10420.4279,4560.0272,59.61,37.27,37.86,158.13900756835938
2020-11-04,752.8122,3443.44,15014.5031,2.112,10405.1125,4609.3907,54.53,38.97,39.68,162.05799865722656
2020-11-11,752.6853,3572.66,15022.7262,2.096,10418.6411,4604.0851,49.24,41.23,42.5,156.8695068359375
2020-11-18,750.3865,3567.79,15026.4339,2.111,10382.003,4644.431,46.06,41.64,42.91,155.2729949951172
2020-11-25,750.5722,3629.65,15023.3606,2.102,10361.6597,4661.7009,43.56,45.58,47.3,159.2534942626953
2020-12-02,748.1582,3669.01,15035.1781,2.12,10347.6917,4687.4864,45.68,45.23,47.8,160.17649841308594
2020-12-09,751.1178,3672.82,15023.4211,2.156,10339.7178,4683.7033,39.52,45.48,48.81,155.2100067138672
2020-12-16,751.1258,3701.17,15041.5483,2.158,10341.2798,4700.2685,38.68,47.86,50.83,162.04800415039062
2020-12-23,751.4209,3690.01,15044.1171,2.224,10340.3883,4703.7288,39.89,47.94,51.05,159.2635040283203
2020-12-30,747.752,3732.04,15061.4438,2.243,10342.342,4719.1018,38.01,48.24,50.74,164.29249572753906
2021-01-06,747.5447,3748.14,15080.1842,2.249,10339.2745,4740.9097,39.31,50.45,53.8,156.91900634765625
2021-01-13,745.21,3809.84,15070.561,2.317,10325.5295,4745.0314,36.79,52.81,55.52,158.29449462890625
2021-01-20,745.1193,3851.85,15084.0641,2.379,10320.137,4763.927,35.67,53.16,55.66,163.16900634765625
2021-01-27,742.7216,3750.77,15127.3023,2.392,10327.5642,4799.7381,40.21,52.81,55.07,161.62899780273438
2021-02-03,742.9679,3830.17,15171.3285,2.409,10346.657,4824.6715,37.11,55.67,58.61,165.62649536132812
2021-02-10,743.2743,3909.88,15193.6236,2.461,10363.5462,4830.0773,33.77,58.69,61.17,164.32899475097656
2021-02-17,744.0447,3931.33,15224.4813,2.501,10375.5051,4848.9762,36.9,61.09,65.02,165.4320068359375
2021-02-24,742.6864,3925.43,15248.8811,2.633,10379.2942,4869.5869,39.58,63.21,66.85,157.97650146484375
2021-03-03,744.1184,3819.72,15297.4752,2.711,10382.9094,4914.5658,39.83,61.33,64.7,150.25
2021-03-10,745.6416,3898.81,15320.7252,2.771,10387.8331,4932.8921,37.56,64.45,67.53,152.8820037841797
2021-03-17,743.4162,3974.12,15332.5923,2.853,10355.5359,4977.0565,37.4,64.55,67.73,156.7864990234375
2021-03-24,740.3363,3889.14,15366.4028,2.865,10364.8879,5001.5149,64.91,61.12,63.7,154.35350036621094
2021-03-31,742.219,3972.89,15374.0067,2.852,10366.6621,5007.3447,45.65,59.19,63.52,154.70399475097656
2021-04-07,738.0604,4079.95,15374.7956,2.857,10358.3125,5016.4831,41.27,59.77,61.86,163.96949768066406
2021-04-14,736.1418,4124.66,15406.1453,2.849,10341.9484,5064.1969,35.7,63.15,66.11,166.64999389648438
2021-04-21,735.1548,4173.42,15417.5273,2.855,10330.4821,5087.0453,42.44,61.34,64.02,168.1009979248047
2021-04-28,739.3728,4183.18,15451.9919,2.872,10342.8263,5109.1656,36.42,63.81,67.08,172.9250030517578
2021-05-05,740.4911,4167.59,15506.5524,2.89,10353.9646,5152.5878,38.33,65.63,69.71,163.52699279785156
2021-05-12,745.5147,4063.04,15537.422,2.961,10373.2152,5164.2068,36.94,65.96,69.62,157.5970001220703
2021-05-19,750.003,4115.68,15564.1666,3.028,10375.1349,5189.0317,38.82,63.28,66.88,161.58999633789062
2021-05-26,752.0651,4195.99,15575.0737,3.02,10367.6295,5207.4442,33.89,66.41,68.93,163.25799560546875
2021-06-02,753.0571,4208.12,15587.3721,3.027,10356.9225,5230.4496,32.77,68.79,70.6,161.69949340820312
2021-06-09,755.1144,4219.55,15605.2791,3.035,10367.4247,5237.8544,31.79,69.9,71.31,164.0574951171875
2021-06-16,754.902,4223.7,15579.7001,3.069,10329.3145,5250.3856,33.83,72.03,73.88,170.7624969482422
2021-06-23,756.8792,4241.84,15579.0751,3.06,10324.5281,5254.547,34.68,73.11,75.22,175.1909942626953
2021-06-30,761.4661,4297.5,15628.0136,3.091,10354.0564,5273.9572,32.74,73.52,76.94,172.00799560546875
2021-07-07,761.3283,4358.13,15644.3402,3.122,10357.7196,5286.6206,42.01,72.22,74.31,184.82899475097656
2021-07-14,761.3619,4374.3,15657.1096,3.133,10362.5694,5294.5402,38.2,73.06,75.74,184.08399963378906
2021-07-21,763.2518,4358.69,15656.36,3.153,10373.9256,5282.4344,42.91,70.26,72.54,179.25999450683594
2021-07-28,764.6185,4400.64,15691.9809,3.136,10393.1755,5298.8055,34.62,72.37,75.09,181.51600646972656
2021-08-04,767.2331,4402.66,15718.8798,3.159,10401.284,5317.5959,42.27,68.19,70.99,167.73599243164062
2021-08-11,768.5313,4447.7,15722.8961,3.172,10409.6443,5313.2518,38.32,69.3,71.99,164.60549926757812
2021-08-18,770.098,4400.27,15753.2297,3.174,10411.0064,5342.2233,40.86,65.36,68.61,160.06100463867188
2021-08-25,769.6411,4496.19,15777.3778,3.145,10425.111,5352.2668,35.6,68.54,72.12,164.95899963378906
2021-09-01,769.3425,4524.09,15831.4416,3.139,10439.9414,5391.5002,36.13,68.63,71.99,173.9499969482422
2021-09-08,771.0766,4514.07,15834.9126,3.176,10446.094,5388.8186,31.91,69.36,72.36,176.27499389648438
2021-09-15,771.6425,4480.7,15865.451,3.165,10453.3806,5412.0704,32.38,72.59,74.84,173.7895050048828
2021-09-22,772.3698,4395.64,15873.121,3.184,10443.2139,5429.9071,32.43,72.37,75.5,169.00250244140625
2021-09-29,778.3401,4359.46,15942.5254,3.175,10467.6794,5474.8461,35.26,75.06,77.86,165.05599975585938
2021-10-06,779.1553,4363.55,15983.0817,3.19,10473.544,5509.5377,41.02,77.66,81.39,163.10049438476562
2021-10-13,782.586,4363.8,16029.3725,3.267,10498.8906,5530.4819,36.05,80.67,83.53,164.21400451660156
2021-10-20,783.711,4536.19,16075.1049,3.322,10508.051,5567.054,35.16,84.4,85.76,170.7530059814453
2021-10-27,786.1541,4551.68,16087.5566,3.383,10515.7352,5571.8214,37.63,82.66,84.12,169.62449645996094
2021-11-03,787.9219,4660.57,16160.6331,3.39,10550.3016,5610.3315,39.44,80.82,81.1,169.1999969482422
2021-11-10,790.6521,4646.71,16169.6767,3.41,10557.5773,5612.0993,37.09,81.23,82.91,174.1024932861328
2021-11-17,794.3518,4688.67,16205.8105,3.399,10579.6591,5626.1514,33.75,78.32,80.67,177.4499969482422
2021-11-24,797.731,4701.46,16245.6236,3.395,10598.5767,5647.0469,34.79,78.32,82.37,179.02049255371094
2021-12-01,800.998,4513.04,16286.3192,3.38,10630.2269,5656.0923,78.18,65.44,69.53,172.18600463867188
2021-12-08,803.0228,4701.21,16301.546,3.341,10655.5989,5645.9471,45.22,72.43,75.94,176.1580047607422
2021-12-15,803.442,4709.85,16376.3107,3.315,10692.4507,5683.86,56.53,70.89,73.71,173.31500244140625
2021-12-22,805.8778,4696.56,16438.7047,3.295,10728.8699,5709.8349,46.0,72.82,74.69,171.03700256347656
2021-12-29,805.928,4793.06,16476.5872,3.275,10761.5791,5715.0081,40.24,76.58,78.63,169.2010040283203
2022-01-05,808.6677,4700.58,16550.1477,3.281,10770.6628,5779.4849,44.49,77.83,80.6,164.35699462890625
2022-01-12,811.4596,4726.35,16564.6955,3.295,10785.6716,5779.0238,34.39,82.51,85.83,165.20700073242188
2022-01-19,813.4005,4532.76,16569.01,3.306,10785.736,5783.274,42.75,86.84,89.64,156.2989959716797
2022-01-26,814.1086,4349.93,16577.1372,3.323,10791.4903,5785.6469,45.67,88.33,91.22,138.87249755859375
2022-02-02,815.4492,4589.38,16605.8557,3.368,10800.4588,5805.3969,41.86,88.16,91.43,150.6125030517578
2022-02-09,816.1357,4587.18,16631.7173,3.444,10819.3192,5812.3981,39.4,89.57,94.95,161.1894989013672
2022-02-16,817.3224,4475.01,16647.0747,3.487,10829.2523,5817.8223,49.38,93.83,97.44,158.10049438476562
2022-02-23,821.7821,4225.5,16694.262,3.53,10855.4739,5838.788,50.51,92.14,99.29,144.82699584960938
2022-03-02,825.6208,4386.54,16740.5269,3.608,10899.4141,5841.1128,61.53,110.74,118.94,152.05250549316406
2022-03-09,830.2271,4277.88,16774.7566,4.102,10931.8841,5842.8725,73.25,108.81,116.58,139.2790069580078
2022-03-16,833.6856,4357.86,16784.1736,4.315,10947.1942,5836.9794,59.35,94.85,104.61,153.10400390625
2022-03-23,839.5929,4456.24,16832.8932,4.239,10974.9565,5857.9366,72.59,114.89,127.52,163.4080047607422
2022-03-30,847.3377,4602.45,16856.4112,4.231,11004.4645,5851.9467,61.04,107.81,115.59,166.30099487304688
2022-04-06,845.8013,4481.15,16861.6718,4.17,11024.1019,5837.5699,53.15,96.39,100.81,158.75599670410156
2022-04-13,850.7567,4446.59,16907.3643,4.091,11057.5784,5849.7859,51.2,104.26,108.49,155.54100036621094
2022-04-20,852.1444,4459.45,16920.9824,4.066,11095.9926,5824.9897,52.23,102.56,105.05,153.9980010986328
2022-04-27,856.405,4183.96,16939.682,4.107,11112.2071,5827.4749,53.38,101.96,103.3,138.16700744628906
2022-05-04,858.1789,4300.17,16948.2943,4.182,11143.156,5805.1383,53.15,107.84,110.53,125.92849731445312
2022-05-11,861.9102,3935.18,17000.1935,4.328,11187.606,5812.5875,53.43,105.5,107.7,105.37200164794922
2022-05-18,864.3827,3923.68,17022.343,4.491,11211.9358,5810.4072,51.89,109.67,110.04,107.11250305175781
2022-05-25,868.5449,3978.73,17071.3015,4.593,11254.2466,5817.0549,46.76,112.88,116.41,106.7750015258789
2022-06-01,870.7614,4101.23,17082.7886,4.624,11283.8143,5798.9743,49.14,115.26,122.2,121.68399810791016
2022-06-08,874.1269,4115.77,17117.1905,4.876,11321.5471,5795.6434,44.37,121.94,129.2,121.18000030517578
2022-06-15,874.6433,3789.99,17119.9847,5.006,11353.536,5766.4488,47.04,115.32,124.96,107.66999816894531
2022-06-22,882.9451,3759.89,17169.0578,4.962,11400.2336,5768.8242,48.99,106.22,115.54,108.94999694824219
2022-06-29,886.8137,3818.83,17186.4319,4.872,11414.6574,5771.7744,48.57,111.65,120.8,108.91999816894531
2022-07-06,889.4485,3845.08,17212.1413,4.771,11435.4182,5776.7231,54.67,100.31,108.54,114.33000183105469
2022-07-13,891.628,3801.78,17234.8154,4.646,11461.4297,5773.3857,51.76,98.44,107.17,110.4000015258789
2022-07-20,894.6829,3959.9,17251.8282,4.49,11494.2147,5757.6135,47.54,104.45,115.86,122.7699966430664
2022-07-27,896.2486,4023.61,17283.4956,4.33,11512.0894,5771.4062,48.99,100.03,109.64,120.97000122070312
2022-08-03,897.5337,4155.17,17298.5565,4.192,11529.58,5768.9765,50.12,93.25,101.82,139.52000427246094
2022-08-10,899.5049,4210.24,17325.9825,4.038,11564.6327,5761.3499,46.56,94.68,105.06,142.69000244140625
2022-08-17,900.0724,4274.04,17331.827,3.938,11584.2914,5747.5356,51.55,90.85,97.22,142.10000610351562
2022-08-24,904.2102,4140.77,17337.4323,3.88,11605.9346,5731.4977,48.33,95.52,99.87,133.8000030517578
2022-08-31,908.9964,3955.0,17316.6431,3.827,11622.4115,5694.2316,52.11,90.09,96.55,126.7699966430664
2022-09-07,909.5148,3979.87,17324.8757,3.746,11631.1282,5693.7475,53.32,82.5,86.83,129.47999572753906
2022-09-14,912.1304,3946.01,17344.5528,3.69,11664.1,5680.4527,45.62,88.88,92.83,128.5500030517578
2022-09-21,914.7259,3789.93,17362.8309,3.654,11700.9884,5661.8425,48.65,83.38,89.86,118.54000091552734
2022-09-28,918.5731,3719.04,17351.3711,3.711,11710.4697,5640.9014,55.02,82.61,89.55,118.01000213623047
2022-10-05,921.4094,3783.28,17353.7637,3.782,11747.3094,5606.4543,54.2,88.22,94.35,120.94999694824219
2022-10-12,924.2732,3577.03,17355.6526,3.912,11772.6753,5582.9773,51.52,87.83,93.44,112.9000015258789
2022-10-19,926.6034,3695.16,17357.0893,3.871,11784.1378,5572.9514,47.78,86.0,91.34,115.06999969482422
2022-10-26,928.4204,3830.6,17369.792,3.769,11806.2192,5563.5728,48.58,89.39,92.93,115.66000366210938
2022-11-02,929.365,3759.69,17373.1355,3.742,11831.6953,5541.4402,47.75,90.06,96.07,92.12000274658203
2022-11-09,929.8252,3748.57,17379.9063,3.796,11847.3484,5532.5579,45.38,85.79,93.05,86.13999938964844
2022-11-16,931.0202,3958.79,17405.2721,3.762,11867.0029,5538.2692,45.12,85.62,92.61,97.12000274658203
2022-11-23,935.2283,4027.26,17418.7809,3.648,11889.3842,5529.3967,51.56,77.93,85.9,94.12999725341797
2022-11-30,939.2581,4080.11,17425.7905,3.534,11893.0136,5532.7769,46.15,80.48,85.61,96.54000091552734
2022-12-07,938.5546,3933.92,17526.2939,3.39,11979.0427,5547.2512,47.91,71.93,77.11,88.45999908447266
2022-12-14,941.3217,3995.32,17525.0691,3.239,11993.0138,5532.0553,41.82,77.14,83.33,91.58000183105469
2022-12-21,942.7197,3878.44,17503.1455,3.12,11993.7879,5509.3576,41.18,78.17,80.25,86.7699966430664
2022-12-28,943.6059,3783.22,17495.2345,3.091,11985.7733,5509.4612,43.95,78.89,81.7,81.81999969482422
2023-01-04,949.678,3852.97,17509.5335,3.223,12008.2859,5501.2476,45.83,72.82,75.31,85.13999938964844
2023-01-11,950.6125,3969.61,17525.385,3.259,12013.0208,5512.3643,41.19,77.46,81.11,95.08999633789062
2023-01-18,956.0263,3928.86,17553.4192,3.31,12041.1432,5512.276,39.25,79.53,83.78,95.45999908447266
2023-01-25,953.9481,4016.22,17566.2038,3.415,12061.9497,5504.2542,38.54,79.78,85.08,97.18000030517578
2023-02-01,953.6228,4119.21,17593.44,3.489,12079.9766,5513.4634,37.99,76.34,81.61,105.1500015258789
2023-02-08,953.5787,4117.86,17592.0567,3.444,12083.85,5508.2067,37.02,78.47,84.17,100.05000305175781
2023-02-15,955.9924,4147.6,17599.2874,3.39,12100.6873,5498.6,35.7,78.57,84.11,101.16000366210938
2023-02-22,958.2358,3991.05,17579.9497,3.379,12093.4773,5486.4724,38.36,73.95,79.55,95.79000091552734
2023-03-01,957.6015,3951.39,17562.0025,3.342,12106.1824,5455.8201,36.63,77.57,83.68,92.16999816894531
2023-03-08,964.9335,3992.01,17542.4865,3.389,12100.3264,5442.1601,33.39,76.56,82.1,93.91999816894531
2023-03-15,967.4855,3891.93,17578.3502,3.456,12156.6103,5421.7399,49.78,67.38,74.3,96.19999694824219
2023-03-22,971.5971,3936.97,17455.2496,3.422,12101.2823,5353.9673,46.97,70.71,76.08,98.69999694824219
2023-03-29,976.2179,4027.81,17326.3045,3.421,12096.8918,5229.4127,43.33,72.95,77.51,100.25
2023-04-05,976.1158,4090.38,17356.1001,3.497,12095.2215,5260.8786,39.14,80.69,85.89,101.0999984741211
2023-04-12,975.0979,4091.95,17323.282,3.596,12086.0412,5237.2409,33.74,83.26,88.31,97.83000183105469
2023-04-19,978.75,4154.52,17337.5411,3.663,12094.1399,5243.4012,34.44,79.18,85.34,104.30000305175781
2023-04-26,983.2403,4055.99,17356.5765,3.656,12109.2597,5247.3168,39.25,74.33,79.19,104.9800033569336
2023-05-03,981.4173,4090.75,17338.9788,3.6,12102.2429,5236.736,43.23,68.62,72.91,103.6500015258789
2023-05-10,981.6266,4137.64,17338.7702,3.533,12112.7697,5226.0005,34.13,72.53,76.7,110.19000244140625
2023-05-17,986.4568,4158.77,17312.3442,3.536,12116.4469,5195.8973,36.44,72.78,76.98,115.5
2023-05-24,987.6165,4115.24,17310.8759,3.534,12120.2341,5190.6418,35.86,74.37,77.99,116.75
2023-05-31,989.6863,4179.83,17308.0304,3.571,12122.7624,5185.268,40.68,68.11,71.98,120.58000183105469
2023-06-07,990.2108,4267.52,17255.6127,3.541,12088.1259,5167.4868,34.13,72.52,76.85,121.2300033569336
2023-06-14,991.6531,4372.59,17273.1934,3.595,12101.0506,5172.1429,33.66,68.22,73.39,126.41999816894531
2023-06-21,993.8489,4365.69,17277.3707,3.577,12111.2057,5166.165,33.26,72.55,76.92,124.83000183105469
2023-06-28,993.4855,4376.86,17262.7576,3.571,12094.0184,5168.7392,36.86,69.54,73.64,129.0399932861328
2023-07-05,996.8009,4446.82,17244.6289,3.527,12095.5373,5149.0916,33.91,71.78,76.74,130.3800048828125
2023-07-12,996.9953,4472.16,17258.7075,3.546,12106.4767,5152.2308,32.69,75.77,80.35,130.8000030517578
2023-07-19,1001.635,4565.72,17275.061,3.559,12120.9708,5154.0902,31.06,75.4,79.38,135.36000061035156
2023-07-26,1002.1865,4566.75,17269.3074,3.596,12128.6033,5140.7041,29.97,79.11,82.98,128.14999389648438
2023-08-02,1000.703,4513.39,17259.6817,3.757,12147.4213,5112.2605,28.74,79.5,84.01,128.2100067138672
2023-08-09,1003.8091,4467.71,17252.6371,3.828,12150.0369,5102.6001,28.56,84.35,89.31,137.85000610351562
2023-08-16,1004.2239,4404.33,17260.7467,3.85,12170.6557,5090.091,28.54,79.4,84.49,135.07000732421875
2023-08-23,1006.8798,4436.01,17286.2783,3.868,12185.4211,5100.8571,28.47,78.91,83.94,135.52000427246094
2023-08-30,1012.2151,4514.87,17265.7524,3.813,12189.2902,5076.4622,26.63,81.64,86.62,135.07000732421875
2023-09-06,1010.4207,4465.48,17261.5388,3.807,12197.2315,5064.3073,28.33,87.55,91.79,135.36000061035156
2023-09-13,1012.0694,4467.44,17271.8651,3.822,12202.1078,5069.7573,25.06,88.59,93.04,144.85000610351562
2023-09-20,1014.7128,4402.2,17287.5522,3.878,12207.7257,5079.8265,30.38,89.2,94.56,135.2899932861328
2023-09-27,1016.5962,4274.51,17273.7746,3.837,12212.1202,5061.6545,32.48,93.67,97.1,125.9800033569336
2023-10-04,1018.7243,4263.75,17268.3051,3.798,12241.8292,5026.476,35.35,84.32,89.83,127.0
2023-10-11,1020.8953,4376.95,17282.9521,3.684,12253.7639,5029.1882,38.94,83.7,87.58,131.8300018310547
2023-10-18,1022.4309,4314.6,17263.7321,3.576,12251.2067,5012.5254,44.4,88.35,91.99,128.1300048828125
2023-10-25,1023.6327,4186.77,17279.2114,3.533,12270.8668,5008.3445,44.91,86.07,90.14,121.38999938964844
2023-11-01,1020.2165,4237.86,17263.4234,3.473,12248.5623,5014.8611,40.52,81.05,86.92,137.0
2023-11-08,1026.5774,4382.78,17268.5524,3.396,12245.4592,5023.0932,40.44,75.85,81.46,142.0800018310547
2023-11-15,1026.4038,4502.88,17258.84,3.349,12249.3448,5009.4952,39.51,77.15,82.4,143.1999969482422
2023-11-22,1030.0777,4556.62,17277.0597,3.289,12269.8375,5007.2222,42.76,76.8,81.76,146.7100067138672
2023-11-29,1036.2604,4550.58,17287.3885,3.238,12277.0773,5010.3113,42.9,77.56,82.98,146.32000732421875
2023-12-06,1030.4211,4549.34,17312.4432,3.231,12276.4513,5035.9919,39.72,68.98,74.33,144.52000427246094
2023-12-13,1031.489,4707.09,17331.6228,3.136,12271.8169,5059.806,36.6,69.09,74.14,148.83999633789062
2023-12-20,1031.9252,4698.35,17360.082,3.053,12267.9187,5092.1633,34.98,73.87,81.1,152.1199951171875
2023-12-27,1031.4063,4781.58,17370.3312,3.116,12261.088,5109.2431,35.41,74.31,80.97,153.33999633789062
2024-01-03,1035.5784,4704.81,17379.9444,3.089,12262.9772,5116.9672,38.22,72.97,77.18,148.47000122070312
2024-01-10,1039.3794,4783.45,17409.1062,3.073,12283.1245,5125.9817,36.35,71.57,78.46,153.72999572753906
2024-01-17,1042.2549,4739.21,17417.4755,3.058,12293.52,5123.9555,37.06,72.79,78.88,151.7100067138672
2024-01-24,1041.0627,4868.55,17439.1008,3.062,12296.1334,5142.9674,33.99,75.48,82.15,156.8699951171875
2024-01-31,1042.7954,4845.65,17451.4302,3.095,12329.1099,5122.3203,37.25,76.28,82.98,155.1999969482422
2024-02-07,1043.5152,4995.06,17430.5925,3.136,12320.9755,5109.617,31.21,74.26,81.18,170.52999877929688
2024-02-14,1046.1271,5000.62,17470.1971,3.192,12339.7673,5130.4298,32.76,77.09,84.41,170.97999572753906
2024-02-21,1046.136,4981.8,17459.1756,3.269,12334.6003,5124.5754,31.05,78.89,84.77,168.58999633789062
2024-02-28,1053.3121,5069.76,17488.9716,3.249,12353.5944,5135.3772,31.21,79.44,84.08,173.16000366210938
2024-03-06,1052.7963,5104.76,17514.0862,3.35,12336.774,5177.3121,29.57,80.08,86.59,173.50999450683594
2024-03-13,1056.7885,5165.31,17579.4809,3.376,12341.3146,5238.1663,29.52,80.67,83.95,176.55999755859375
2024-03-20,1058.1211,5224.62,17576.2002,3.453,12342.1115,5234.0887,28.82,82.79,85.77,178.14999389648438
2024-03-27,1057.648,5248.49,17597.521,3.523,12353.9414,5243.5796,26.6,82.15,84.94,179.8300018310547
2024-04-03,1057.5056,5211.49,17569.4014,3.517,12351.259,5218.1423,29.08,86.22,90.6,182.41000366210938
2024-04-10,1055.0416,5160.64,17532.6545,3.591,12349.2024,5183.4521,30.08,86.98,91.57,185.9499969482422
2024-04-17,1055.7891,5022.21,17522.0763,3.628,12349.937,5172.1394,33.0,83.58,89.54,181.27999877929688
2024-04-24,1054.8084,5071.63,17526.8517,3.668,12365.5934,5161.2583,29.04,84.09,89.02,176.58999633789062
2024-05-01,1056.3377,5018.39,17530.726,3.653,12384.3993,5146.3267,28.7,80.7,83.55,179.0
2024-05-08,1059.4368,5187.67,17551.2766,3.643,12390.6444,5160.6322,27.91,80.57,82.44,188.0
2024-05-15,1058.4281,5308.15,17591.039,3.608,12397.9736,5193.0654,28.07,80.23,79.98,185.99000549316406
2024-05-22,1060.404,5307.01,17570.6192,3.584,12391.0168,5179.6024,27.71,79.15,79.9,183.1300048828125
2024-05-29,1064.505,5266.95,17563.1431,3.577,12390.5279,5172.6153,26.77,80.24,81.5,182.02000427246094
2024-06-05,1062.5167,5354.03,17608.4502,3.516,12399.7896,5208.6606,29.18,75.08,75.41,181.27999877929688
2024-06-12,1063.2025,5421.03,17616.9352,3.429,12407.7203,5209.215,24.8,79.56,80.52,186.88999938964844
2024-06-19,1064.3444,5487.03,17664.6857,3.435,12420.1363,5244.5494,23.73,82.67,85.64,182.80999755859375
2024-06-26,1063.9045,5477.9,17677.0844,3.438,12427.9347,5249.1497,26.24,82.19,85.76,193.61000061035156
2024-07-03,1062.9404,5537.02,17682.0373,3.479,12427.856,5254.1813,24.62,85.19,88.25,197.58999633789062
2024-07-10,1063.9784,5633.91,17691.7113,3.489,12429.9374,5261.7739,24.01,83.39,86.55,199.7899932861328
2024-07-17,1065.0864,5588.27,17706.285,3.496,12436.1416,5270.1435,25.28,84.16,85.76,187.92999267578125
2024-07-24,1065.9524,5427.13,17722.5427,3.471,12447.8927,5274.65,26.85,78.78,83.01,180.8300018310547
2024-07-31,1067.4365,5522.3,17742.1933,3.484,12460.8934,5281.2999,33.69,79.36,81.39,186.97999572753906
2024-08-07,1068.3688,5199.5,17751.8055,3.448,12457.6088,5294.1967,38.01,76.68,78.26,162.77000427246094
2024-08-14,1068.9795,5455.21,17793.1051,3.414,12465.9991,5327.106,31.51,78.47,82.15,170.10000610351562
2024-08-21,1070.2632,5620.85,17805.5646,3.382,12478.0441,5327.5205,32.7,72.76,78.77,180.11000061035156
2024-08-28,1068.6987,5592.18,17780.8348,3.313,12468.6753,5312.1595,32.12,75.49,80.04,170.8000030517578
2024-09-04,1071.5461,5520.07,17803.5439,3.289,12474.7827,5328.7612,37.95,70.11,74.67,173.3300018310547
2024-09-11,1071.6662,5554.13,17828.2588,3.236,12479.2156,5349.0432,37.76,68.25,70.31,184.52000427246094
2024-09-18,1072.7482,5618.26,17840.5824,3.18,12493.2681,5347.3142,36.19,71.87,74.52,186.42999267578125
2024-09-25,1071.5047,5722.26,17866.8176,3.185,12497.939,5368.8785,34.4,70.42,75.4,192.52999877929688
2024-10-02,1072.2602,5709.54,17892.7,3.179,12505.7609,5386.9391,46.52,70.74,74.86,184.75999450683594
